playerName,position_x,team,games_x,points,assists,totalRb,steals,blocks,turnovers,effectFgPercent,season,position_y,games_y,per,usagePercent,offensiveWs,defensiveWs,winShares,offensiveBox,defensiveBox,vorp,PPG,APG,RPG,SPG,BPG,full_team_name,ranking,wins,win_percentage
Shareef Abdur-Rahim,SF,VAN,50,1152,172,374,69,55,186,0.438,1999,SF,50,20.7,28.900,3.7,0.9,4.6,2.9,-0.9,2.1,23.04,3.44,7.48,1.38,1.1,Vancouver Grizzlies,27,8,0.16
Ray Allen*,SG,MIL,50,856,178,212,53,7,122,0.505,1999,SG,50,18.9,24.500,4.2,1.1,5.2,3.5,-1.0,1.9,17.12,3.56,4.24,1.06,0.14,Milwaukee Bucks,9,28,0.56
Charles Barkley*,PF,HOU,42,676,192,516,43,13,100,0.482,1999,PF,42,23.1,22.200,4.8,2.0,6.8,4.3,0.3,2.5,16.095238095238095,4.571428571428571,12.285714285714286,1.0238095238095237,0.30952380952380953,Houston Rockets,6,31,0.62
Kobe Bryant*,SG,LAL,50,996,190,264,72,50,157,0.482,1999,SG,50,18.9,25.300,3.7,1.5,5.2,2.1,-0.1,1.9,19.92,3.8,5.28,1.44,1.0,Los Angeles Lakers,5,31,0.62
Vince Carter,SF,TOR,50,913,149,283,55,77,110,0.463,1999,SF,50,19.6,25.600,3.6,1.4,5.0,3.1,-0.4,2.1,18.26,2.98,5.66,1.1,1.54,Toronto Raptors,17,23,0.46
Doug Christie,SG,TOR,50,760,187,207,113,26,119,0.425,1999,SG,50,16.9,22.500,2.5,1.7,4.2,1.0,0.5,1.6,15.2,3.74,4.14,2.26,0.52,Toronto Raptors,17,23,0.46
Tim Duncan*,PF,SAS,50,1084,121,571,45,126,146,0.495,1999,PF,50,23.2,27.200,4.0,4.7,8.7,2.7,1.8,3.2,21.68,2.42,11.42,0.9,2.52,San Antonio Spurs,0,37,0.74
Michael Finley,SF,DAL,50,1009,218,263,66,15,107,0.470,1999,SF,50,19.2,24.200,4.4,0.9,5.4,2.8,-0.9,2.1,20.18,4.36,5.26,1.32,0.3,Dallas Mavericks,20,19,0.38
Kevin Garnett*,PF,MIN,47,977,202,489,78,83,135,0.462,1999,PF,47,22.4,27.800,2.4,3.0,5.4,3.6,1.7,3.3,20.78723404255319,4.297872340425532,10.404255319148936,1.6595744680851063,1.7659574468085106,Minnesota Timberwolves,16,25,0.5
Tom Gugliotta,PF,PHO,43,729,121,381,59,21,88,0.485,1999,PF,43,20.0,22.400,3.7,1.7,5.4,2.0,-0.2,1.5,16.953488372093023,2.813953488372093,8.86046511627907,1.372093023255814,0.4883720930232558,Phoenix Suns,12,27,0.54
Anfernee Hardaway,SG,ORL,50,791,266,284,111,23,150,0.448,1999,SG,50,16.7,22.400,1.6,3.4,5.0,0.8,2.0,2.3,15.82,5.32,5.68,2.22,0.46,Orlando Magic,3,33,0.66
Tim Hardaway*,PG,MIA,48,835,352,152,57,6,131,0.475,1999,PG,48,18.8,26.500,3.4,1.9,5.4,4.2,-0.9,2.4,17.395833333333332,7.333333333333333,3.1666666666666665,1.1875,0.125,Miami Heat,4,33,0.66
Grant Hill*,SF,DET,50,1053,300,355,80,27,184,0.479,1999,SF,50,23.9,29.600,4.5,2.8,7.3,4.8,1.4,3.8,21.06,6.0,7.1,1.6,0.54,Detroit Pistons,8,29,0.58
Allan Houston,SG,NYK,50,813,137,152,35,9,130,0.459,1999,SG,50,13.1,24.300,1.1,1.8,2.9,0.0,-0.7,0.6,16.26,2.74,3.04,0.7,0.18,New York Knicks,13,27,0.54
Allen Iverson*,SG,PHI,48,1284,223,236,110,7,167,0.439,1999,SG,48,22.2,32.600,4.3,2.9,7.2,5.1,0.6,3.9,26.75,4.645833333333333,4.916666666666667,2.2916666666666665,0.14583333333333334,Philadelphia 76ers,10,28,0.56
Paul Pierce*,SF,BOS,48,791,115,309,82,50,113,0.504,1999,SF,48,19.2,23.100,2.9,2.0,4.9,3.4,0.3,2.3,16.479166666666668,2.3958333333333335,6.4375,1.7083333333333333,1.0416666666666667,Boston Celtics,21,19,0.38
Shawn Kemp,PF,CLE,42,862,101,388,48,45,127,0.483,1999,PF,42,23.6,28.900,4.2,2.1,6.3,3.8,0.4,2.3,20.523809523809526,2.4047619047619047,9.238095238095237,1.1428571428571428,1.0714285714285714,Cleveland Cavaliers,18,22,0.44
Jason Kidd*,PG,PHO,50,846,539,339,114,19,150,0.476,1999,PG,50,22.5,21.400,5.8,2.3,8.1,4.4,1.1,3.9,16.92,10.78,6.78,2.28,0.38,Phoenix Suns,12,27,0.54
Toni Kukoč*,SF,CHI,44,828,235,310,49,11,121,0.446,1999,SF,44,18.6,27.500,1.3,1.5,2.8,3.3,-0.3,2.1,18.818181818181817,5.340909090909091,7.045454545454546,1.1136363636363635,0.25,Chicago Bulls,25,13,0.26
Karl Malone*,PF,UTA,49,1164,201,463,62,28,162,0.493,1999,PF,49,25.6,30.500,6.2,3.4,9.6,5.3,1.4,4.0,23.755102040816325,4.1020408163265305,9.448979591836734,1.2653061224489797,0.5714285714285714,Utah Jazz,-1,37,0.74
Antonio McDyess,C,DEN,50,1061,82,537,73,115,138,0.471,1999,C,50,21.7,27.300,2.9,1.3,4.2,1.4,-0.7,1.3,21.22,1.64,10.74,1.46,2.3,Denver Nuggets,24,14,0.28
Ron Mercer,SG,BOS,41,698,104,155,67,12,89,0.435,1999,SG,41,13.5,24.200,0.1,1.2,1.3,-1.5,-0.8,-0.1,17.024390243902438,2.5365853658536586,3.7804878048780486,1.6341463414634145,0.2926829268292683,Boston Celtics,21,19,0.38
Reggie Miller*,SG,IND,50,920,112,135,37,9,76,0.517,1999,SG,50,18.7,22.900,6.0,0.4,6.4,4.3,-1.2,2.3,18.4,2.24,2.7,0.74,0.18,Indiana Pacers,2,33,0.66
Alonzo Mourning*,C,MIA,46,924,74,507,34,180,139,0.511,1999,C,46,24.6,27.100,4.0,3.9,7.9,2.5,2.2,3.0,20.08695652173913,1.608695652173913,11.021739130434783,0.7391304347826086,3.9130434782608696,Miami Heat,4,33,0.66
Shaquille O'Neal*,C,LAL,49,1289,114,525,36,82,122,0.576,1999,C,49,30.6,32.400,7.2,1.9,9.0,7.5,-0.4,3.9,26.306122448979593,2.326530612244898,10.714285714285714,0.7346938775510204,1.6734693877551021,Los Angeles Lakers,5,31,0.62
Hakeem Olajuwon*,C,HOU,50,945,88,478,82,123,139,0.517,1999,C,50,23.1,25.900,3.2,3.3,6.5,1.4,1.8,2.3,18.9,1.76,9.56,1.64,2.46,Houston Rockets,6,31,0.62
Gary Payton*,PG,SEA,50,1084,436,244,109,12,154,0.479,1999,PG,50,23.1,27.100,6.0,1.2,7.2,5.1,0.0,3.6,21.68,8.72,4.88,2.18,0.24,Seattle SuperSonics,15,25,0.5
Mitch Richmond*,SG,WAS,50,983,122,172,64,10,136,0.456,1999,SG,50,15.5,25.700,2.2,1.0,3.3,0.9,-1.2,0.9,19.66,2.44,3.44,1.28,0.2,Washington Wizards,22,18,0.36
Clifford Robinson,SF,PHO,50,819,128,227,75,59,88,0.521,1999,SF,50,18.3,21.800,3.6,1.7,5.3,2.2,0.6,2.1,16.38,2.56,4.54,1.5,1.18,Phoenix Suns,12,27,0.54
David Robinson*,C,SAS,49,775,103,492,69,119,108,0.509,1999,C,49,24.9,23.800,4.0,4.4,8.4,3.2,3.5,3.4,15.816326530612244,2.1020408163265305,10.040816326530612,1.4081632653061225,2.4285714285714284,San Antonio Spurs,0,37,0.74
Glenn Robinson,SF,MIL,47,865,100,276,46,41,106,0.479,1999,SF,47,19.7,28.200,2.5,1.5,4.0,2.7,-0.8,1.5,18.404255319148938,2.127659574468085,5.872340425531915,0.9787234042553191,0.8723404255319149,Milwaukee Bucks,9,28,0.56
Detlef Schrempf,SF,SEA,50,752,184,370,41,26,103,0.503,1999,SF,50,18.4,19.500,4.7,1.1,5.8,2.1,-0.1,1.8,15.04,3.68,7.4,0.82,0.52,Seattle SuperSonics,15,25,0.5
Rod Strickland,PG,WAS,44,690,434,212,76,5,142,0.426,1999,PG,44,20.2,24.000,2.8,1.3,4.1,3.4,-0.3,2.1,15.681818181818182,9.863636363636363,4.818181818181818,1.7272727272727273,0.11363636363636363,Washington Wizards,22,18,0.36
Maurice Taylor,PF,LAC,46,773,67,242,16,29,120,0.461,1999,PF,46,15.2,26.700,1.2,-0.5,0.7,-0.7,-3.5,-0.9,16.804347826086957,1.4565217391304348,5.260869565217392,0.34782608695652173,0.6304347826086957,Los Angeles Clippers,26,9,0.18
Gary Trent,PF,DAL,45,719,77,351,29,23,66,0.477,1999,PF,45,20.8,26.000,3.0,1.0,4.0,2.6,-1.4,1.1,15.977777777777778,1.711111111111111,7.8,0.6444444444444445,0.5111111111111111,Dallas Mavericks,20,19,0.38
Nick Van Exel,PG,DEN,50,826,368,113,40,3,121,0.445,1999,PG,50,16.7,24.300,3.2,-1.0,2.2,2.6,-3.4,0.6,16.52,7.36,2.26,0.8,0.06,Denver Nuggets,24,14,0.28
Keith Van Horn,PF,NJN,42,916,65,358,43,53,133,0.439,1999,PF,42,19.6,28.500,2.3,1.4,3.7,2.0,-0.8,1.3,21.80952380952381,1.5476190476190477,8.523809523809524,1.0238095238095237,1.2619047619047619,New Jersey Nets,23,16,0.32
Antoine Walker,PF,BOS,42,784,130,359,63,28,119,0.456,1999,PF,42,17.0,27.200,0.6,1.9,2.6,1.6,-0.6,1.2,18.666666666666668,3.0952380952380953,8.547619047619047,1.5,0.6666666666666666,Boston Celtics,21,19,0.38
Chris Webber*,PF,SAC,42,839,173,545,60,89,148,0.488,1999,PF,42,19.5,24.900,1.0,2.7,3.6,0.8,1.1,1.7,19.976190476190474,4.119047619047619,12.976190476190476,1.4285714285714286,2.119047619047619,Sacramento Kings,11,27,0.54
Shareef Abdur-Rahim,SF,VAN,82,1663,271,825,89,87,249,0.477,2000,SF,82,20.2,25.000,6.2,2.6,8.8,2.6,-0.4,3.4,20.28048780487805,3.3048780487804876,10.060975609756097,1.0853658536585367,1.0609756097560976,Vancouver Grizzlies,27,22,0.268
Ray Allen*,SG,MIL,82,1809,308,359,110,19,183,0.516,2000,SG,82,20.6,25.600,9.0,1.0,10.1,4.7,-1.1,4.3,22.0609756097561,3.7560975609756095,4.378048780487805,1.3414634146341464,0.23170731707317074,Milwaukee Bucks,16,42,0.512
Derek Anderson,SG,LAC,64,1080,220,258,90,11,167,0.470,2000,SG,64,16.9,23.400,3.1,0.3,3.3,1.2,-1.2,1.1,16.875,3.4375,4.03125,1.40625,0.171875,Los Angeles Clippers,30,15,0.183
Darrell Armstrong,PG,ORL,82,1330,501,270,169,9,248,0.494,2000,PG,82,19.5,23.900,4.6,3.4,8.0,3.6,0.9,4.3,16.21951219512195,6.109756097560975,3.292682926829268,2.0609756097560976,0.10975609756097561,Orlando Magic,18,41,0.5
Vin Baker,C,SEA,79,1311,148,605,47,66,213,0.456,2000,C,79,14.0,23.600,1.2,2.2,3.5,-1.6,-1.5,-0.7,16.59493670886076,1.8734177215189873,7.658227848101266,0.5949367088607594,0.8354430379746836,Seattle SuperSonics,13,45,0.549
Elton Brand,PF,CHI,81,1627,155,810,66,132,228,0.482,2000,PF,81,20.6,27.000,4.2,3.3,7.5,2.2,-0.9,2.5,20.08641975308642,1.9135802469135803,10.0,0.8148148148148148,1.6296296296296295,Chicago Bulls,29,17,0.207
Terrell Brandon,PG,MIN,71,1212,629,238,134,30,184,0.492,2000,PG,71,20.8,23.000,5.8,2.8,8.6,3.9,0.3,4.1,17.070422535211268,8.859154929577464,3.352112676056338,1.8873239436619718,0.4225352112676056,Minnesota Timberwolves,9,50,0.61
Kobe Bryant*,SG,LAL,66,1485,323,416,106,62,182,0.488,2000,SG,66,21.7,26.800,6.1,4.5,10.6,3.5,1.6,4.5,22.5,4.893939393939394,6.303030303030303,1.606060606060606,0.9393939393939394,Los Angeles Lakers,2,67,0.817
Vince Carter,SF,TOR,82,2107,322,476,110,92,178,0.493,2000,SF,82,23.4,30.000,9.1,2.7,11.8,5.6,-0.1,5.9,25.695121951219512,3.926829268292683,5.804878048780488,1.3414634146341464,1.1219512195121952,Toronto Raptors,14,45,0.549
Sam Cassell,PG,MIL,81,1506,729,301,102,8,267,0.477,2000,PG,81,21.1,25.000,8.4,0.8,9.2,3.6,-1.4,3.1,18.59259259259259,9.0,3.7160493827160495,1.2592592592592593,0.09876543209876543,Milwaukee Bucks,16,42,0.512
Cedric Ceballos,SF,DAL,69,1147,90,462,56,24,125,0.468,2000,SF,69,18.1,26.400,2.7,1.3,4.0,1.2,-2.2,0.5,16.6231884057971,1.3043478260869565,6.695652173913044,0.8115942028985508,0.34782608695652173,Dallas Mavericks,19,40,0.488
Derrick Coleman,PF,CHH,74,1239,175,632,34,130,173,0.482,2000,PF,74,18.9,25.200,2.7,3.8,6.5,1.2,0.5,2.2,16.743243243243242,2.364864864864865,8.54054054054054,0.4594594594594595,1.7567567567567568,Charlotte Hornets,11,49,0.598
Michael Dickerson,SG,VAN,82,1496,208,279,116,45,165,0.483,2000,SG,82,15.6,23.100,4.5,1.0,5.5,1.0,-1.0,1.6,18.24390243902439,2.5365853658536586,3.402439024390244,1.4146341463414633,0.5487804878048781,Vancouver Grizzlies,27,22,0.268
Tim Duncan*,PF,SAS,74,1716,234,918,66,165,242,0.491,2000,PF,74,24.8,28.700,6.7,6.4,13.0,3.8,1.8,5.5,23.18918918918919,3.1621621621621623,12.405405405405405,0.8918918918918919,2.22972972972973,San Antonio Spurs,7,53,0.646
Michael Finley,SF,DAL,82,1855,438,518,109,32,196,0.487,2000,SF,82,19.2,25.100,6.4,1.9,8.3,3.0,-0.9,3.6,22.621951219512194,5.341463414634147,6.317073170731708,1.329268292682927,0.3902439024390244,Dallas Mavericks,19,40,0.488
Steve Francis,PG,HOU,77,1388,507,409,118,29,306,0.493,2000,PG,77,18.4,25.000,4.4,2.0,6.4,2.7,-0.6,2.8,18.025974025974026,6.584415584415584,5.311688311688312,1.5324675324675325,0.37662337662337664,Houston Rockets,22,34,0.415
Kevin Garnett*,PF,MIN,81,1857,401,956,120,126,268,0.507,2000,PF,81,23.6,27.400,6.1,5.6,11.6,4.6,1.7,6.8,22.925925925925927,4.950617283950617,11.802469135802468,1.4814814814814814,1.5555555555555556,Minnesota Timberwolves,9,50,0.61
Anfernee Hardaway,SG,PHO,60,1015,315,347,94,38,153,0.494,2000,SG,60,17.9,21.100,4.2,3.6,7.8,1.9,1.6,3.1,16.916666666666668,5.25,5.783333333333333,1.5666666666666667,0.6333333333333333,Phoenix Suns,6,53,0.646
Grant Hill*,SF,DET,74,1906,385,490,103,43,240,0.501,2000,SF,74,24.5,30.500,8.1,2.6,10.7,5.4,0.1,5.2,25.756756756756758,5.202702702702703,6.621621621621622,1.3918918918918919,0.581081081081081,Detroit Pistons,17,42,0.512
Allan Houston,SG,NYK,82,1614,224,271,65,14,186,0.525,2000,SG,82,16.5,24.000,5.5,3.1,8.6,1.8,-0.2,2.9,19.682926829268293,2.731707317073171,3.3048780487804876,0.7926829268292683,0.17073170731707318,New York Knicks,10,50,0.61
Allen Iverson*,SG,PHI,70,1989,328,267,144,5,230,0.446,2000,SG,70,20.0,34.400,3.3,3.6,6.9,3.4,-0.2,3.8,28.414285714285715,4.685714285714286,3.8142857142857145,2.057142857142857,0.07142857142857142,Philadelphia 76ers,12,49,0.598
Jim Jackson,SF,ATL,79,1317,230,394,57,10,185,0.458,2000,SF,79,14.3,24.200,2.1,0.7,2.8,1.0,-1.8,0.8,16.670886075949365,2.911392405063291,4.987341772151899,0.7215189873417721,0.12658227848101267,Atlanta Hawks,26,28,0.341
Antawn Jamison,SF,GSW,43,841,90,359,30,15,113,0.472,2000,SF,43,16.7,26.000,1.1,0.3,1.4,1.2,-2.8,0.2,19.558139534883722,2.0930232558139537,8.348837209302326,0.6976744186046512,0.3488372093023256,Golden State Warriors,28,19,0.232
Eddie Jones,SG,CHH,72,1446,305,343,192,49,160,0.484,2000,SG,72,19.9,23.400,5.7,4.4,10.1,2.9,2.0,4.9,20.083333333333332,4.236111111111111,4.763888888888889,2.6666666666666665,0.6805555555555556,Charlotte Hornets,11,49,0.598
Shawn Kemp,C,CLE,82,1463,138,725,100,96,291,0.418,2000,C,82,17.2,30.200,0.2,3.8,4.0,-1.8,-0.3,0.0,17.841463414634145,1.6829268292682926,8.841463414634147,1.2195121951219512,1.170731707317073,Cleveland Cavaliers,23,32,0.39
Karl Malone*,PF,UTA,82,2095,304,779,79,71,231,0.510,2000,PF,82,27.1,31.900,10.7,4.5,15.3,6.4,1.1,7.1,25.548780487804876,3.707317073170732,9.5,0.9634146341463414,0.8658536585365854,Utah Jazz,5,55,0.671
Stephon Marbury,PG,NJN,74,1640,622,240,112,15,270,0.457,2000,PG,74,20.7,28.200,6.1,1.2,7.4,3.8,-1.3,3.2,22.16216216216216,8.405405405405405,3.2432432432432434,1.5135135135135136,0.20270270270270271,New Jersey Nets,24,31,0.378
Jamal Mashburn,SF,MIA,76,1328,298,381,79,14,180,0.493,2000,SF,76,15.4,23.800,3.1,3.2,6.4,0.9,-0.4,1.8,17.473684210526315,3.9210526315789473,5.0131578947368425,1.0394736842105263,0.18421052631578946,Miami Heat,8,52,0.634
Antonio McDyess,PF,DEN,81,1551,159,685,69,139,230,0.507,2000,PF,81,19.6,26.900,3.3,2.9,6.2,0.9,-0.1,1.9,19.14814814814815,1.962962962962963,8.45679012345679,0.8518518518518519,1.7160493827160495,Denver Nuggets,20,35,0.427
Tracy McGrady*,SF,TOR,79,1213,263,501,90,151,160,0.460,2000,SF,79,20.0,24.300,3.7,2.9,6.6,2.6,0.9,3.4,15.354430379746836,3.329113924050633,6.341772151898734,1.139240506329114,1.9113924050632911,Toronto Raptors,14,45,0.549
Reggie Miller*,SG,IND,81,1470,187,239,85,25,129,0.527,2000,SG,81,17.3,20.500,8.0,2.0,10.1,3.0,-0.3,3.6,18.14814814814815,2.308641975308642,2.950617283950617,1.0493827160493827,0.30864197530864196,Indiana Pacers,4,56,0.683
Cuttino Mobley,SG,HOU,81,1277,208,288,87,32,186,0.481,2000,SG,81,16.0,23.900,3.6,1.6,5.2,0.7,-0.8,1.2,15.765432098765432,2.567901234567901,3.5555555555555554,1.0740740740740742,0.3950617283950617,Houston Rockets,22,34,0.415
Alonzo Mourning*,C,MIA,79,1718,123,753,40,294,217,0.551,2000,C,79,25.8,28.100,7.3,5.6,12.9,3.1,2.2,5.0,21.746835443037973,1.5569620253164558,9.531645569620252,0.5063291139240507,3.721518987341772,Miami Heat,8,52,0.634
Lamond Murray,SF,CLE,74,1175,132,423,105,36,184,0.476,2000,SF,74,14.9,24.300,0.7,2.6,3.3,0.0,-0.3,1.0,15.878378378378379,1.7837837837837838,5.716216216216216,1.4189189189189189,0.4864864864864865,Cleveland Cavaliers,23,32,0.39
Dirk Nowitzki*,PF,DAL,82,1435,203,532,63,68,141,0.513,2000,PF,82,17.5,21.200,6.1,1.9,8.1,2.1,-0.5,2.6,17.5,2.475609756097561,6.487804878048781,0.7682926829268293,0.8292682926829268,Dallas Mavericks,19,40,0.488
Shaquille O'Neal*,C,LAL,79,2344,299,1078,36,239,223,0.574,2000,C,79,30.6,31.200,11.7,7.0,18.6,7.3,2.0,9.0,29.670886075949365,3.7848101265822787,13.645569620253164,0.45569620253164556,3.0253164556962027,Los Angeles Lakers,2,67,0.817
Lamar Odom,SF,LAC,76,1259,317,595,91,95,258,0.467,2000,SF,76,16.8,23.500,1.7,1.5,3.2,0.8,-0.2,1.8,16.56578947368421,4.171052631578948,7.828947368421052,1.1973684210526316,1.25,Los Angeles Clippers,30,15,0.183
Gary Payton*,PG,SEA,82,1982,732,529,153,18,224,0.502,2000,PG,82,23.6,26.800,10.5,3.5,13.9,5.8,0.7,7.3,24.170731707317074,8.926829268292684,6.451219512195122,1.8658536585365855,0.21951219512195122,Seattle SuperSonics,13,45,0.549
Paul Pierce*,SF,BOS,73,1427,221,396,152,62,178,0.486,2000,SF,73,19.8,24.800,5.2,3.0,8.2,3.0,0.9,3.9,19.54794520547945,3.0273972602739727,5.424657534246576,2.0821917808219177,0.8493150684931506,Boston Celtics,21,35,0.427
Glen Rice,SF,LAL,80,1272,176,327,47,12,114,0.472,2000,SF,80,16.2,22.000,5.7,3.2,9.0,1.2,-0.3,1.8,15.9,2.2,4.0875,0.5875,0.15,Los Angeles Lakers,2,67,0.817
Mitch Richmond*,SG,WAS,74,1285,185,213,110,13,154,0.470,2000,SG,74,16.5,25.000,3.8,1.4,5.2,1.3,-0.2,1.9,17.364864864864863,2.5,2.8783783783783785,1.4864864864864864,0.17567567567567569,Washington Wizards,25,29,0.354
Isaiah Rider,SG,ATL,60,1158,219,258,41,6,168,0.445,2000,SG,60,15.7,28.800,1.2,0.4,1.6,0.9,-2.3,0.3,19.3,3.65,4.3,0.6833333333333333,0.1,Atlanta Hawks,26,28,0.341
Clifford Robinson,SF,PHO,80,1478,224,359,90,61,166,0.517,2000,SF,80,17.3,22.900,5.7,3.9,9.6,2.1,0.4,3.2,18.475,2.8,4.4875,1.125,0.7625,Phoenix Suns,6,53,0.646
David Robinson*,C,SAS,80,1427,142,770,97,183,164,0.512,2000,C,80,24.6,25.600,6.2,6.4,12.7,3.1,2.7,5.0,17.8375,1.775,9.625,1.2125,2.2875,San Antonio Spurs,7,53,0.646
Glenn Robinson,SF,MIL,81,1693,193,485,78,41,223,0.502,2000,SF,81,17.8,27.600,3.5,1.3,4.8,1.9,-1.9,1.5,20.901234567901234,2.382716049382716,5.987654320987654,0.9629629629629629,0.5061728395061729,Milwaukee Bucks,16,42,0.512
Jalen Rose,SF,IND,80,1457,320,387,84,49,188,0.503,2000,SF,80,16.7,23.200,4.4,2.9,7.3,1.2,0.2,2.5,18.2125,4.0,4.8375,1.05,0.6125,Indiana Pacers,4,56,0.683
Latrell Sprewell,SF,NYK,82,1524,332,349,109,22,226,0.452,2000,SF,82,15.7,24.700,2.5,4.1,6.6,0.5,0.5,2.5,18.585365853658537,4.048780487804878,4.2560975609756095,1.329268292682927,0.2682926829268293,New York Knicks,10,50,0.61
Jerry Stackhouse,SG,DET,82,1939,365,315,103,36,311,0.456,2000,SG,82,18.9,29.200,5.7,1.6,7.3,2.8,-1.7,2.4,23.646341463414632,4.451219512195122,3.841463414634146,1.2560975609756098,0.43902439024390244,Detroit Pistons,17,42,0.512
Maurice Taylor,PF,LAC,62,1060,101,400,51,48,169,0.464,2000,PF,62,13.4,24.800,-0.8,0.5,-0.3,-1.9,-1.9,-1.0,17.096774193548388,1.6290322580645162,6.451612903225806,0.8225806451612904,0.7741935483870968,Los Angeles Clippers,30,15,0.183
Nick Van Exel,PG,DEN,79,1275,714,311,68,11,221,0.445,2000,PG,79,16.0,22.700,3.7,1.2,4.9,2.0,-2.2,1.3,16.139240506329113,9.037974683544304,3.9367088607594938,0.8607594936708861,0.13924050632911392,Denver Nuggets,20,35,0.427
Keith Van Horn,PF,NJN,80,1535,158,676,64,60,245,0.478,2000,PF,80,18.1,26.800,3.2,2.4,5.5,1.2,-1.5,1.2,19.1875,1.975,8.45,0.8,0.75,New Jersey Nets,24,31,0.378
Antoine Walker,PF,BOS,82,1680,305,652,117,32,259,0.455,2000,PF,82,17.8,28.300,2.3,2.7,5.0,1.8,-1.1,2.1,20.48780487804878,3.7195121951219514,7.951219512195122,1.4268292682926829,0.3902439024390244,Boston Celtics,21,35,0.427
Rasheed Wallace,PF,POR,81,1325,142,566,87,107,157,0.522,2000,PF,81,18.1,21.900,4.6,4.7,9.3,1.2,1.0,3.0,16.358024691358025,1.7530864197530864,6.987654320987654,1.0740740740740742,1.3209876543209877,Portland Trail Blazers,3,59,0.72
Chris Webber*,PF,SAC,75,1834,345,787,120,128,218,0.492,2000,PF,75,23.4,28.200,5.7,5.0,10.7,3.6,2.1,5.6,24.453333333333333,4.6,10.493333333333334,1.6,1.7066666666666668,Sacramento Kings,15,44,0.537
Shareef Abdur-Rahim,SF,VAN,81,1663,250,735,90,77,231,0.477,2001,SF,81,19.1,24.600,5.6,2.9,8.5,1.7,0.1,3.1,20.530864197530864,3.0864197530864197,9.074074074074074,1.1111111111111112,0.9506172839506173,Vancouver Grizzlies,24,23,0.28
Ray Allen*,SG,MIL,82,1806,374,428,124,20,204,0.557,2001,SG,82,22.9,24.400,11.5,2.2,13.7,5.7,-0.3,5.9,22.024390243902438,4.560975609756097,5.219512195121951,1.5121951219512195,0.24390243902439024,Milwaukee Bucks,5,52,0.634
Derek Anderson,SG,SAS,82,1269,301,363,120,14,165,0.467,2001,SG,82,17.1,21.900,5.6,4.3,9.9,1.2,1.2,3.2,15.475609756097562,3.6707317073170733,4.426829268292683,1.4634146341463414,0.17073170731707318,San Antonio Spurs,-1,58,0.707
Darrell Armstrong,PG,ORL,75,1189,524,343,135,13,200,0.484,2001,PG,75,18.6,21.000,5.8,2.9,8.7,3.2,0.1,3.6,15.853333333333333,6.986666666666666,4.573333333333333,1.8,0.17333333333333334,Orlando Magic,15,43,0.524
Mike Bibby,PG,VAN,82,1301,685,304,107,12,248,0.500,2001,PG,82,16.8,21.300,4.0,1.4,5.3,2.0,-1.2,2.2,15.865853658536585,8.353658536585366,3.707317073170732,1.3048780487804879,0.14634146341463414,Vancouver Grizzlies,24,23,0.28
Elton Brand,PF,CHI,74,1490,240,746,71,118,219,0.476,2001,PF,74,20.4,26.300,4.1,2.0,6.1,2.2,-1.2,2.2,20.135135135135137,3.2432432432432434,10.08108108108108,0.9594594594594594,1.5945945945945945,Chicago Bulls,27,15,0.183
Terrell Brandon,PG,MIN,78,1250,583,298,161,21,155,0.465,2001,PG,78,20.0,22.200,5.8,2.7,8.5,2.6,0.5,3.6,16.025641025641026,7.4743589743589745,3.8205128205128207,2.0641025641025643,0.2692307692307692,Minnesota Timberwolves,10,47,0.573
Kobe Bryant*,SG,LAL,68,1938,338,399,114,43,220,0.484,2001,SG,68,24.5,31.800,9.2,2.2,11.3,5.1,-0.3,4.7,28.5,4.970588235294118,5.867647058823529,1.6764705882352942,0.6323529411764706,Los Angeles Lakers,0,56,0.683
Vince Carter,SF,TOR,75,2070,291,416,114,82,167,0.509,2001,SF,75,25.0,30.700,10.3,2.6,12.9,7.6,0.1,7.2,27.6,3.88,5.546666666666667,1.52,1.0933333333333333,Toronto Raptors,11,47,0.573
Sam Cassell,PG,MIL,76,1381,580,290,88,8,220,0.488,2001,PG,76,20.1,24.900,7.0,1.4,8.5,2.5,-1.5,2.1,18.17105263157895,7.631578947368421,3.8157894736842106,1.1578947368421053,0.10526315789473684,Milwaukee Bucks,5,52,0.634
Michael Dickerson,SG,VAN,70,1142,233,229,62,27,162,0.459,2001,SG,70,12.4,22.700,1.2,0.7,1.8,-0.7,-1.5,-0.2,16.314285714285713,3.3285714285714287,3.2714285714285714,0.8857142857142857,0.38571428571428573,Vancouver Grizzlies,24,23,0.28
Tim Duncan*,PF,SAS,82,1820,245,997,70,192,242,0.502,2001,PF,82,23.8,28.700,6.2,7.1,13.2,2.9,1.8,5.4,22.195121951219512,2.9878048780487805,12.158536585365853,0.8536585365853658,2.341463414634146,San Antonio Spurs,-1,58,0.707
Michael Finley,SF,DAL,82,1765,360,425,118,32,190,0.487,2001,SF,82,18.2,24.900,5.6,2.9,8.5,2.4,-0.5,3.4,21.524390243902438,4.390243902439025,5.182926829268292,1.4390243902439024,0.3902439024390244,Dallas Mavericks,3,53,0.646
Steve Francis,PG,HOU,80,1591,517,553,141,31,265,0.506,2001,PG,80,21.6,24.200,9.2,3.0,12.2,4.5,0.5,5.7,19.8875,6.4625,6.9125,1.7625,0.3875,Houston Rockets,13,45,0.549
Kevin Garnett*,PF,MIN,81,1784,401,921,111,145,230,0.484,2001,PF,81,23.9,27.000,7.0,4.8,11.8,4.5,1.4,6.4,22.02469135802469,4.950617283950617,11.37037037037037,1.3703703703703705,1.7901234567901234,Minnesota Timberwolves,10,47,0.573
Brian Grant,C,MIA,82,1250,101,718,60,71,170,0.479,2001,C,82,17.5,23.400,3.7,5.0,8.7,-0.3,0.2,1.3,15.24390243902439,1.2317073170731707,8.75609756097561,0.7317073170731707,0.8658536585365854,Miami Heat,8,50,0.61
Richard Hamilton,SF,WAS,78,1411,224,238,75,10,201,0.454,2001,SF,78,15.7,28.100,2.3,0.1,2.4,0.4,-2.6,-0.1,18.08974358974359,2.871794871794872,3.051282051282051,0.9615384615384616,0.1282051282051282,Washington Wizards,25,19,0.232
Allan Houston,SG,NYK,78,1459,173,283,52,10,161,0.488,2001,SG,78,16.1,25.700,4.1,3.5,7.5,1.3,-0.1,2.2,18.705128205128204,2.217948717948718,3.628205128205128,0.6666666666666666,0.1282051282051282,New York Knicks,9,48,0.585
Juwan Howard,PF,WAS,54,981,154,379,46,21,169,0.474,2001,PF,54,15.8,24.900,1.6,0.6,2.2,0.2,-1.7,0.2,18.166666666666668,2.8518518518518516,7.018518518518518,0.8518518518518519,0.3888888888888889,Washington Wizards,25,19,0.232
Larry Hughes,SG,GSW,50,823,223,276,96,29,152,0.391,2001,SG,50,13.9,24.400,-0.4,1.1,0.6,-1.2,-0.2,0.3,16.46,4.46,5.52,1.92,0.58,Golden State Warriors,26,17,0.207
Allen Iverson*,SG,PHI,71,2207,325,273,178,20,237,0.447,2001,SG,71,24.0,35.900,7.3,4.5,11.8,5.0,1.1,6.1,31.08450704225352,4.577464788732394,3.8450704225352115,2.507042253521127,0.28169014084507044,Philadelphia 76ers,1,56,0.683
Antawn Jamison,SF,GSW,82,2044,164,715,114,28,199,0.459,2001,SF,82,19.0,27.900,5.4,1.3,6.7,2.8,-2.0,2.3,24.926829268292682,2.0,8.71951219512195,1.3902439024390243,0.34146341463414637,Golden State Warriors,26,17,0.207
Eddie Jones,SG,MIA,63,1094,171,292,110,58,135,0.497,2001,SG,63,18.8,23.900,3.9,4.0,7.9,2.5,2.1,3.8,17.365079365079364,2.7142857142857144,4.634920634920635,1.746031746031746,0.9206349206349206,Miami Heat,8,50,0.61
Jason Kidd*,PG,PHO,77,1299,753,494,166,23,286,0.443,2001,PG,77,19.4,22.700,4.2,5.4,9.6,2.4,1.7,4.8,16.87012987012987,9.779220779220779,6.415584415584416,2.155844155844156,0.2987012987012987,Phoenix Suns,6,51,0.622
Karl Malone*,PF,UTA,81,1878,361,669,93,62,244,0.499,2001,PF,81,24.7,30.000,9.1,4.0,13.1,5.5,1.1,6.3,23.185185185185187,4.45679012345679,8.25925925925926,1.1481481481481481,0.7654320987654321,Utah Jazz,4,53,0.646
Stephon Marbury,PG,NJN,67,1598,506,205,79,5,197,0.484,2001,PG,67,22.7,29.700,7.2,0.7,7.8,5.9,-1.6,4.1,23.850746268656717,7.552238805970149,3.0597014925373136,1.1791044776119404,0.07462686567164178,New Jersey Nets,22,26,0.317
Shawn Marion,SF,PHO,79,1369,160,848,132,108,129,0.489,2001,SF,79,21.0,22.100,5.3,6.4,11.7,2.3,1.8,4.4,17.329113924050635,2.0253164556962027,10.734177215189874,1.6708860759493671,1.3670886075949367,Phoenix Suns,6,51,0.622
Jamal Mashburn,SF,CHH,76,1528,411,576,85,13,211,0.450,2001,SF,76,17.5,27.100,3.1,4.2,7.3,2.1,0.0,3.1,20.105263157894736,5.407894736842105,7.578947368421052,1.118421052631579,0.17105263157894737,Charlotte Hornets,12,46,0.561
Anthony Mason,PF,MIA,80,1290,248,770,80,25,179,0.482,2001,PF,80,17.4,20.000,6.0,5.6,11.6,0.8,1.1,3.2,16.125,3.1,9.625,1.0,0.3125,Miami Heat,8,50,0.61
Antonio McDyess,PF,DEN,70,1458,146,845,43,102,162,0.495,2001,PF,70,22.0,26.500,5.2,2.6,7.8,2.5,-0.8,2.4,20.82857142857143,2.085714285714286,12.071428571428571,0.6142857142857143,1.457142857142857,Denver Nuggets,17,40,0.488
Tracy McGrady*,SG,ORL,77,2065,352,580,116,118,198,0.474,2001,SG,77,24.9,31.200,8.3,3.9,12.2,6.5,0.5,7.0,26.818181818181817,4.571428571428571,7.532467532467533,1.5064935064935066,1.5324675324675325,Orlando Magic,15,43,0.524
Ron Mercer,SG,CHI,61,1202,201,236,78,27,129,0.452,2001,SG,61,14.8,24.800,1.5,0.4,1.8,0.3,-2.2,0.1,19.704918032786885,3.2950819672131146,3.8688524590163933,1.278688524590164,0.4426229508196721,Chicago Bulls,27,15,0.183
Andre Miller,PG,CLE,82,1296,657,360,119,28,265,0.461,2001,PG,82,20.1,23.200,6.1,1.9,8.0,3.0,-0.2,3.4,15.804878048780488,8.012195121951219,4.390243902439025,1.451219512195122,0.34146341463414637,Cleveland Cavaliers,21,30,0.366
Reggie Miller*,SG,IND,81,1527,260,285,81,15,133,0.512,2001,SG,81,17.3,21.500,8.1,2.2,10.3,2.8,-0.6,3.4,18.85185185185185,3.2098765432098766,3.5185185185185186,1.0,0.18518518518518517,Indiana Pacers,16,41,0.5
Cuttino Mobley,SG,HOU,79,1538,195,397,84,26,165,0.471,2001,SG,79,17.7,24.300,6.2,2.0,8.2,1.7,-0.8,2.2,19.468354430379748,2.4683544303797467,5.025316455696203,1.0632911392405062,0.3291139240506329,Houston Rockets,13,45,0.549
Steve Nash*,PG,DAL,70,1092,509,223,72,5,205,0.544,2001,PG,70,19.6,21.100,6.8,1.6,8.4,3.8,-1.1,2.9,15.6,7.271428571428571,3.1857142857142855,1.0285714285714285,0.07142857142857142,Dallas Mavericks,3,53,0.646
Dirk Nowitzki*,PF,DAL,82,1784,173,754,79,101,156,0.534,2001,PF,82,22.8,23.800,10.3,4.3,14.6,4.9,0.5,5.9,21.75609756097561,2.1097560975609757,9.195121951219512,0.9634146341463414,1.2317073170731707,Dallas Mavericks,3,53,0.646
Shaquille O'Neal*,C,LAL,74,2125,277,940,47,204,218,0.572,2001,C,74,30.2,31.600,11.1,3.9,14.9,7.0,0.7,7.1,28.716216216216218,3.7432432432432434,12.702702702702704,0.6351351351351351,2.7567567567567566,Los Angeles Lakers,0,56,0.683
Lamar Odom,PF,LAC,76,1304,392,592,74,122,264,0.498,2001,PF,76,18.9,24.100,3.2,3.3,6.5,2.9,1.1,4.3,17.157894736842106,5.157894736842105,7.7894736842105265,0.9736842105263158,1.605263157894737,Los Angeles Clippers,20,31,0.378
Gary Payton*,PG,SEA,79,1823,642,361,127,26,209,0.488,2001,PG,79,22.1,27.200,9.1,1.7,10.8,4.7,-0.7,4.9,23.075949367088608,8.126582278481013,4.569620253164557,1.6075949367088607,0.3291139240506329,Seattle SuperSonics,14,44,0.537
Paul Pierce*,SF,BOS,82,2071,253,522,138,69,262,0.503,2001,SF,82,22.3,30.600,6.9,3.5,10.4,4.5,-0.1,5.0,25.25609756097561,3.0853658536585367,6.365853658536586,1.6829268292682926,0.8414634146341463,Boston Celtics,18,36,0.439
Clifford Robinson,PF,PHO,82,1345,237,334,87,82,186,0.460,2001,PF,82,14.8,24.800,1.6,3.9,5.4,0.5,0.4,2.0,16.402439024390244,2.8902439024390243,4.073170731707317,1.0609756097560976,1.0,Phoenix Suns,6,51,0.622
Glenn Robinson,SF,MIL,76,1674,252,526,86,62,219,0.487,2001,SF,76,20.1,29.200,4.2,2.5,6.7,2.3,-1.0,2.4,22.026315789473685,3.3157894736842106,6.921052631578948,1.131578947368421,0.8157894736842105,Milwaukee Bucks,5,52,0.634
Jalen Rose,SF,IND,72,1478,435,359,65,43,211,0.480,2001,SF,72,17.8,25.500,4.8,2.5,7.3,2.1,-0.4,2.7,20.52777777777778,6.041666666666667,4.986111111111111,0.9027777777777778,0.5972222222222222,Indiana Pacers,16,41,0.5
Latrell Sprewell,SF,NYK,77,1364,269,347,106,28,218,0.447,2001,SF,77,15.1,25.800,0.5,4.6,5.1,0.0,0.8,2.1,17.714285714285715,3.4935064935064934,4.5064935064935066,1.3766233766233766,0.36363636363636365,New York Knicks,9,48,0.585
Jerry Stackhouse,SG,DET,80,2380,410,315,97,54,326,0.445,2001,SG,80,21.8,35.200,6.6,2.6,9.2,5.8,-0.7,5.8,29.75,5.125,3.9375,1.2125,0.675,Detroit Pistons,19,32,0.39
Peja Stojaković,SF,SAC,75,1529,164,434,91,13,146,0.531,2001,SF,75,18.4,22.400,6.8,3.3,10.1,2.8,-0.3,3.2,20.386666666666667,2.1866666666666665,5.786666666666667,1.2133333333333334,0.17333333333333334,Sacramento Kings,2,55,0.671
Jason Terry,SG,ATL,82,1619,403,269,104,12,239,0.481,2001,SG,82,17.3,25.500,4.9,1.6,6.5,2.3,-1.0,2.6,19.74390243902439,4.914634146341464,3.2804878048780486,1.2682926829268293,0.14634146341463414,Atlanta Hawks,23,25,0.305
Nick Van Exel,PG,DEN,71,1259,600,241,61,18,165,0.474,2001,PG,71,18.5,23.000,6.1,0.3,6.4,4.0,-2.0,2.7,17.732394366197184,8.450704225352112,3.3943661971830985,0.8591549295774648,0.2535211267605634,Denver Nuggets,17,40,0.488
Keith Van Horn,SF,NJN,49,831,82,347,40,20,103,0.481,2001,SF,49,15.5,23.400,1.7,1.2,2.8,0.8,-1.9,0.4,16.959183673469386,1.6734693877551021,7.081632653061225,0.8163265306122449,0.40816326530612246,New Jersey Nets,22,26,0.317
Antoine Walker,PF,BOS,81,1892,445,719,138,49,301,0.478,2001,PF,81,18.9,29.100,2.7,3.8,6.6,3.5,-0.5,4.3,23.358024691358025,5.493827160493828,8.876543209876543,1.7037037037037037,0.6049382716049383,Boston Celtics,18,36,0.439
Rasheed Wallace,PF,POR,77,1477,212,602,90,135,158,0.523,2001,PF,77,20.9,23.400,6.8,4.2,11.0,3.3,1.1,4.8,19.181818181818183,2.7532467532467533,7.818181818181818,1.1688311688311688,1.7532467532467533,Portland Trail Blazers,7,50,0.61
Chris Webber*,PF,SAC,70,1898,294,777,93,118,195,0.481,2001,PF,70,24.7,31.600,5.8,5.2,11.0,4.0,1.4,5.3,27.114285714285714,4.2,11.1,1.3285714285714285,1.6857142857142857,Sacramento Kings,2,55,0.671
David Wesley,SG,CHH,82,1414,361,224,128,16,171,0.461,2001,SG,82,15.3,23.100,4.2,3.4,7.6,0.4,0.0,1.9,17.24390243902439,4.402439024390244,2.731707317073171,1.5609756097560976,0.1951219512195122,Charlotte Hornets,12,46,0.561
Shareef Abdur-Rahim,PF,ATL,77,1636,239,696,98,81,250,0.469,2002,PF,77,19.8,27.000,4.1,3.1,7.2,1.9,-0.2,2.8,21.246753246753247,3.103896103896104,9.03896103896104,1.2727272727272727,1.051948051948052,Atlanta Hawks,20,33,0.402
Ray Allen*,SG,MIL,69,1503,271,312,88,18,159,0.561,2002,SG,69,21.6,26.200,7.6,1.3,8.9,6.0,-1.1,4.4,21.782608695652176,3.927536231884058,4.521739130434782,1.2753623188405796,0.2608695652173913,Milwaukee Bucks,15,41,0.5
Elton Brand,PF,LAC,80,1453,191,925,80,163,173,0.527,2002,PF,80,23.6,21.100,9.9,3.7,13.6,3.9,0.4,4.8,18.1625,2.3875,11.5625,1.0,2.0375,Los Angeles Clippers,16,39,0.476
Kobe Bryant*,SG,LAL,80,2019,438,441,118,35,223,0.479,2002,SG,80,23.2,30.400,8.9,3.8,12.7,4.3,0.3,5.2,25.2375,5.475,5.5125,1.475,0.4375,Los Angeles Lakers,0,58,0.707
Vince Carter,SG,TOR,60,1484,239,313,94,43,154,0.474,2002,SG,60,20.5,30.500,4.6,2.4,7.0,4.7,-0.3,3.9,24.733333333333334,3.9833333333333334,5.216666666666667,1.5666666666666667,0.7166666666666667,Toronto Raptors,14,42,0.512
Sam Cassell,PG,MIL,74,1461,493,312,90,12,177,0.492,2002,PG,74,21.3,27.300,7.2,1.4,8.6,3.5,-1.1,2.9,19.743243243243242,6.662162162162162,4.216216216216216,1.2162162162162162,0.16216216216216217,Milwaukee Bucks,15,41,0.5
Derrick Coleman,PF,PHI,58,875,98,509,42,51,119,0.469,2002,PF,58,16.2,21.000,2.7,3.2,5.9,0.8,0.1,1.5,15.086206896551724,1.6896551724137931,8.775862068965518,0.7241379310344828,0.8793103448275862,Philadelphia 76ers,12,43,0.524
Baron Davis,PG,CHH,82,1484,698,349,172,47,246,0.480,2002,PG,82,18.2,23.900,4.4,3.8,8.2,3.3,0.4,4.8,18.097560975609756,8.512195121951219,4.2560975609756095,2.097560975609756,0.573170731707317,Charlotte Hornets,10,44,0.537
Tim Duncan*,PF,SAS,82,2089,307,1042,61,203,263,0.508,2002,PF,82,27.0,29.000,10.7,7.1,17.8,5.4,2.2,8.0,25.475609756097562,3.7439024390243905,12.707317073170731,0.7439024390243902,2.475609756097561,San Antonio Spurs,1,58,0.707
Michael Finley,SF,DAL,69,1424,230,360,65,25,117,0.494,2002,SF,69,17.6,23.900,5.3,1.0,6.3,2.3,-1.2,2.1,20.63768115942029,3.3333333333333335,5.217391304347826,0.9420289855072463,0.36231884057971014,Dallas Mavericks,2,57,0.695
Steve Francis,PG,HOU,57,1234,362,401,71,25,221,0.451,2002,PG,57,19.1,28.000,3.2,1.2,4.4,2.5,-0.8,2.1,21.649122807017545,6.350877192982456,7.035087719298246,1.2456140350877194,0.43859649122807015,Houston Rockets,23,28,0.341
Kevin Garnett*,PF,MIN,81,1714,422,981,96,126,229,0.484,2002,PF,81,23.8,26.000,7.9,4.9,12.8,5.1,1.8,7.1,21.160493827160494,5.209876543209877,12.11111111111111,1.1851851851851851,1.5555555555555556,Minnesota Timberwolves,4,50,0.61
Pau Gasol*,PF,MEM,82,1441,223,730,41,169,224,0.518,2002,PF,82,19.5,22.600,4.8,2.8,7.6,1.5,0.2,2.8,17.573170731707318,2.7195121951219514,8.902439024390244,0.5,2.0609756097560976,Memphis Grizzlies,25,23,0.28
Richard Hamilton,SG,WAS,63,1260,171,216,38,14,132,0.443,2002,SG,63,16.9,28.600,3.4,0.6,4.0,1.5,-2.4,0.6,20.0,2.7142857142857144,3.4285714285714284,0.6031746031746031,0.2222222222222222,Washington Wizards,17,37,0.451
Allan Houston,SG,NYK,77,1567,190,252,54,10,170,0.489,2002,SG,77,15.2,25.900,3.6,1.1,4.7,1.3,-1.4,1.4,20.350649350649352,2.4675324675324677,3.272727272727273,0.7012987012987013,0.12987012987012986,New York Knicks,21,30,0.366
Allen Iverson*,SG,PHI,60,1883,331,269,168,13,237,0.422,2002,SG,60,21.9,37.800,2.6,4.3,6.9,3.9,0.8,4.5,31.383333333333333,5.516666666666667,4.483333333333333,2.8,0.21666666666666667,Philadelphia 76ers,12,43,0.524
Antawn Jamison,SF,GSW,82,1619,161,556,70,45,161,0.471,2002,SF,82,17.1,24.000,5.6,0.8,6.4,2.3,-2.1,1.7,19.74390243902439,1.9634146341463414,6.780487804878049,0.8536585365853658,0.5487804878048781,Golden State Warriors,26,21,0.256
Eddie Jones,SG,MIA,81,1480,262,378,117,77,148,0.494,2002,SG,81,17.5,22.700,5.6,5.0,10.5,2.2,1.7,4.6,18.271604938271604,3.234567901234568,4.666666666666667,1.4444444444444444,0.9506172839506173,Miami Heat,19,36,0.439
Michael Jordan*,SF,WAS,60,1375,310,339,85,26,162,0.420,2002,SF,60,20.7,36.000,1.2,2.1,3.3,3.2,-0.1,2.7,22.916666666666668,5.166666666666667,5.65,1.4166666666666667,0.43333333333333335,Washington Wizards,17,37,0.451
Rashard Lewis,SF,SEA,71,1195,123,498,104,40,97,0.531,2002,SF,71,18.5,20.800,5.9,2.7,8.6,3.1,-0.1,3.2,16.830985915492956,1.732394366197183,7.014084507042254,1.4647887323943662,0.5633802816901409,Seattle SuperSonics,8,45,0.549
Andre Miller,PG,CLE,81,1335,882,379,126,34,245,0.464,2002,PG,81,21.8,22.600,8.7,1.5,10.3,4.3,-0.3,4.5,16.48148148148148,10.88888888888889,4.679012345679013,1.5555555555555556,0.41975308641975306,Cleveland Cavaliers,22,29,0.354
Karl Malone*,PF,UTA,80,1788,341,686,152,59,263,0.457,2002,PF,80,21.1,28.800,5.5,4.3,9.8,2.9,0.8,4.4,22.35,4.2625,8.575,1.9,0.7375,Utah Jazz,9,44,0.537
Stephon Marbury,PG,PHO,82,1674,666,266,77,13,284,0.467,2002,PG,82,18.1,26.600,5.4,1.7,7.1,2.9,-1.6,2.6,20.414634146341463,8.121951219512194,3.2439024390243905,0.9390243902439024,0.15853658536585366,Phoenix Suns,18,36,0.439
Shawn Marion,SF,PHO,81,1547,162,803,149,86,144,0.486,2002,SF,81,19.8,23.600,4.7,5.1,9.8,2.0,1.1,4.0,19.098765432098766,2.0,9.91358024691358,1.8395061728395061,1.0617283950617284,Phoenix Suns,18,36,0.439
Tracy McGrady*,SG,ORL,76,1948,400,597,119,73,189,0.483,2002,SG,76,25.1,31.100,8.1,3.4,11.5,6.4,0.4,6.4,25.63157894736842,5.2631578947368425,7.855263157894737,1.5657894736842106,0.9605263157894737,Orlando Magic,11,44,0.537
Mike Miller,SF,ORL,63,956,198,273,47,23,108,0.510,2002,SF,63,15.0,20.900,3.1,1.3,4.5,1.3,-1.0,1.2,15.174603174603174,3.142857142857143,4.333333333333333,0.746031746031746,0.36507936507936506,Orlando Magic,11,44,0.537
Reggie Miller*,SG,IND,79,1304,253,219,88,10,120,0.552,2002,SG,79,16.5,18.500,7.7,1.9,9.5,2.7,-0.2,3.3,16.50632911392405,3.2025316455696204,2.7721518987341773,1.1139240506329113,0.12658227848101267,Indiana Pacers,13,42,0.512
Cuttino Mobley,SG,HOU,74,1606,187,300,109,37,180,0.493,2002,SG,74,16.7,24.900,4.6,1.1,5.7,1.1,-0.8,1.8,21.7027027027027,2.527027027027027,4.054054054054054,1.472972972972973,0.5,Houston Rockets,23,28,0.341
Alonzo Mourning*,C,MIA,75,1178,87,632,27,186,182,0.517,2002,C,75,18.9,24.100,2.6,4.8,7.4,-0.1,1.4,2.0,15.706666666666667,1.16,8.426666666666666,0.36,2.48,Miami Heat,19,36,0.439
Lamond Murray,SF,CLE,71,1176,157,372,70,43,141,0.487,2002,SF,71,16.7,24.700,2.9,1.3,4.1,1.8,-1.3,1.5,16.56338028169014,2.211267605633803,5.23943661971831,0.9859154929577465,0.6056338028169014,Cleveland Cavaliers,22,29,0.354
Steve Nash*,PG,DAL,82,1466,634,254,53,4,229,0.554,2002,PG,82,20.7,23.000,9.5,0.3,9.9,5.1,-2.1,3.6,17.878048780487806,7.7317073170731705,3.097560975609756,0.6463414634146342,0.04878048780487805,Dallas Mavericks,2,57,0.695
Dirk Nowitzki*,C,DAL,76,1779,186,755,83,77,145,0.532,2002,C,76,24.1,25.500,10.2,3.1,13.4,5.4,0.1,5.5,23.407894736842106,2.4473684210526314,9.93421052631579,1.0921052631578947,1.013157894736842,Dallas Mavericks,2,57,0.695
Jermaine O'Neal,PF,IND,72,1371,118,757,45,166,174,0.480,2002,PF,72,18.1,24.900,2.3,4.1,6.4,-0.1,0.2,1.5,19.041666666666668,1.6388888888888888,10.51388888888889,0.625,2.3055555555555554,Indiana Pacers,13,42,0.512
Shaquille O'Neal*,C,LAL,67,1822,200,715,41,137,171,0.579,2002,C,67,29.7,31.800,9.2,4.0,13.2,7.1,0.9,6.1,27.19402985074627,2.985074626865672,10.671641791044776,0.6119402985074627,2.044776119402985,Los Angeles Lakers,0,58,0.707
Gary Payton*,PG,SEA,82,1815,737,396,131,26,209,0.490,2002,PG,82,22.9,27.200,10.1,2.5,12.6,5.2,-0.2,5.9,22.134146341463413,8.987804878048781,4.829268292682927,1.5975609756097562,0.3170731707317073,Seattle SuperSonics,8,45,0.549
Wesley Person,SG,CLE,78,1176,173,294,77,37,74,0.570,2002,SG,78,16.3,17.600,6.1,0.8,6.9,2.6,-0.8,2.7,15.076923076923077,2.217948717948718,3.769230769230769,0.9871794871794872,0.47435897435897434,Cleveland Cavaliers,22,29,0.354
Paul Pierce*,SG,BOS,82,2144,261,566,154,86,241,0.508,2002,SG,82,22.3,29.300,7.3,5.6,12.9,4.7,1.3,6.6,26.146341463414632,3.182926829268293,6.902439024390244,1.8780487804878048,1.048780487804878,Boston Celtics,7,49,0.598
Glenn Robinson,SF,MIL,66,1366,168,406,97,41,174,0.493,2002,SF,66,19.1,28.800,2.6,2.1,4.7,1.2,-0.9,1.4,20.696969696969695,2.5454545454545454,6.151515151515151,1.4696969696969697,0.6212121212121212,Milwaukee Bucks,15,41,0.5
Jalen Rose,SF,IND,53,982,197,249,45,29,105,0.474,2002,SF,53,15.7,24.800,2.0,1.6,3.6,0.8,-0.5,1.1,18.528301886792452,3.7169811320754715,4.69811320754717,0.8490566037735849,0.5471698113207547,Indiana Pacers,13,42,0.512
Latrell Sprewell,SF,NYK,81,1575,313,298,94,14,223,0.455,2002,SF,81,13.7,25.100,1.1,1.7,2.8,0.3,-1.1,0.9,19.444444444444443,3.8641975308641974,3.6790123456790123,1.1604938271604939,0.1728395061728395,New York Knicks,21,30,0.366
Jerry Stackhouse,SF,DET,76,1629,403,315,77,37,266,0.430,2002,SF,76,19.0,32.300,3.2,2.6,5.8,2.6,-1.2,2.4,21.43421052631579,5.302631578947368,4.144736842105263,1.013157894736842,0.4868421052631579,Detroit Pistons,5,50,0.61
Peja Stojaković,SF,SAC,71,1506,175,373,81,14,140,0.541,2002,SF,71,19.3,23.200,6.8,3.0,9.9,3.2,-0.2,3.3,21.211267605633804,2.464788732394366,5.253521126760563,1.1408450704225352,0.19718309859154928,Sacramento Kings,-1,61,0.744
Wally Szczerbiak,SF,MIN,82,1531,257,391,66,21,181,0.544,2002,SF,82,17.1,21.800,7.0,1.7,8.7,2.3,-0.9,2.7,18.670731707317074,3.1341463414634148,4.7682926829268295,0.8048780487804879,0.25609756097560976,Minnesota Timberwolves,4,50,0.61
Jason Terry,SG,ATL,78,1504,444,270,144,13,181,0.500,2002,SG,78,19.2,23.600,6.6,2.1,8.6,3.3,-0.1,3.9,19.28205128205128,5.6923076923076925,3.4615384615384617,1.8461538461538463,0.16666666666666666,Atlanta Hawks,20,33,0.402
Nick Van Exel,PG,DEN,45,965,365,169,30,7,116,0.454,2002,PG,45,18.4,28.400,2.7,0.2,2.9,4.2,-2.1,1.8,21.444444444444443,8.11111111111111,3.7555555555555555,0.6666666666666666,0.15555555555555556,Denver Nuggets,24,27,0.329
Antoine Walker,PF,BOS,81,1794,407,714,122,38,251,0.460,2002,PF,81,17.1,27.800,1.5,5.2,6.7,2.2,0.0,3.6,22.14814814814815,5.0246913580246915,8.814814814814815,1.5061728395061729,0.4691358024691358,Boston Celtics,7,49,0.598
Rasheed Wallace,PF,POR,79,1521,152,645,101,101,131,0.513,2002,PF,79,19.3,23.700,5.6,4.1,9.7,2.4,0.5,3.7,19.253164556962027,1.9240506329113924,8.164556962025317,1.2784810126582278,1.2784810126582278,Portland Trail Blazers,6,49,0.598
Chris Webber*,PF,SAC,54,1322,258,546,90,76,158,0.497,2002,PF,54,24.4,29.000,4.8,3.9,8.6,3.8,1.6,3.9,24.48148148148148,4.777777777777778,10.11111111111111,1.6666666666666667,1.4074074074074074,Sacramento Kings,-1,61,0.744
Bonzi Wells,SG,POR,74,1255,204,444,113,25,191,0.500,2002,SG,74,18.4,26.400,3.0,3.0,6.0,1.4,0.5,2.3,16.95945945945946,2.7567567567567566,6.0,1.527027027027027,0.33783783783783783,Portland Trail Blazers,6,49,0.598
Shareef Abdur-Rahim,PF,ATL,81,1608,242,677,87,38,212,0.487,2003,PF,81,19.9,24.200,7.4,2.3,9.7,2.3,-0.7,2.8,19.85185185185185,2.9876543209876543,8.358024691358025,1.0740740740740742,0.4691358024691358,Atlanta Hawks,20,35,0.427
Ray Allen*,SG,MIL,47,1003,164,218,57,11,117,0.514,2003,SG,47,19.9,27.800,3.8,0.5,4.3,3.4,-1.9,1.5,21.340425531914892,3.4893617021276597,4.638297872340425,1.2127659574468086,0.23404255319148937,Milwaukee Bucks,14,42,0.512
Gilbert Arenas,PG,GSW,82,1497,514,386,124,17,290,0.478,2003,PG,82,18.6,24.900,5.8,0.7,6.5,2.6,-1.3,2.4,18.25609756097561,6.2682926829268295,4.7073170731707314,1.5121951219512195,0.2073170731707317,Golden State Warriors,17,38,0.463
Mike Bibby,PG,SAC,55,875,285,147,72,8,127,0.510,2003,PG,55,17.6,21.900,3.5,2.0,5.6,1.8,-0.1,1.8,15.909090909090908,5.181818181818182,2.672727272727273,1.309090909090909,0.14545454545454545,Sacramento Kings,1,59,0.72
Chauncey Billups,PG,DET,74,1199,287,273,63,15,134,0.506,2003,PG,74,20.4,24.100,7.0,2.9,9.9,4.3,0.3,3.8,16.2027027027027,3.8783783783783785,3.689189189189189,0.8513513513513513,0.20270270270270271,Detroit Pistons,5,50,0.61
Elton Brand,PF,LAC,62,1146,157,703,71,158,161,0.502,2003,PF,62,21.7,22.400,4.9,2.7,7.6,2.5,0.5,3.1,18.483870967741936,2.532258064516129,11.338709677419354,1.1451612903225807,2.5483870967741935,Los Angeles Clippers,23,27,0.329
Kobe Bryant*,SG,LAL,82,2461,481,564,181,67,288,0.483,2003,SG,82,26.2,32.900,11.0,4.0,14.9,6.3,0.7,7.7,30.01219512195122,5.865853658536586,6.878048780487805,2.207317073170732,0.8170731707317073,Los Angeles Lakers,4,50,0.61
Caron Butler,SF,MIA,78,1201,213,397,137,31,192,0.432,2003,SF,78,15.1,22.900,1.6,3.6,5.1,-0.4,1.0,1.8,15.397435897435898,2.730769230769231,5.089743589743589,1.7564102564102564,0.3974358974358974,Miami Heat,24,25,0.305
Vince Carter,SG,TOR,43,884,143,188,48,41,74,0.497,2003,SG,43,21.9,28.100,3.4,0.8,4.2,4.7,-0.2,2.4,20.558139534883722,3.3255813953488373,4.372093023255814,1.1162790697674418,0.9534883720930233,Toronto Raptors,25,24,0.293
Sam Cassell,PG,MIL,78,1536,450,342,88,14,177,0.495,2003,PG,78,22.3,26.500,8.8,0.8,9.6,3.9,-1.2,3.2,19.692307692307693,5.769230769230769,4.384615384615385,1.1282051282051282,0.1794871794871795,Milwaukee Bucks,14,42,0.512
Baron Davis,PG,NOH,50,856,320,186,91,22,140,0.478,2003,PG,50,16.9,24.000,2.2,2.2,4.5,2.5,0.7,2.5,17.12,6.4,3.72,1.82,0.44,New Orleans Hornets,10,47,0.573
Ricky Davis,SG,CLE,79,1626,436,390,125,36,277,0.435,2003,SG,79,16.1,27.100,1.5,1.5,3.0,1.0,-1.4,1.3,20.582278481012658,5.518987341772152,4.936708860759493,1.5822784810126582,0.45569620253164556,Cleveland Cavaliers,27,17,0.207
Tim Duncan*,PF,SAS,81,1884,316,1043,55,237,248,0.515,2003,PF,81,26.9,28.000,9.5,6.9,16.5,5.0,2.5,7.7,23.25925925925926,3.9012345679012346,12.876543209876543,0.6790123456790124,2.925925925925926,San Antonio Spurs,0,60,0.732
Michael Finley,SF,DAL,69,1331,205,402,76,21,114,0.475,2003,SF,69,17.6,24.200,4.3,2.5,6.7,2.4,-0.8,2.4,19.28985507246377,2.971014492753623,5.826086956521739,1.1014492753623188,0.30434782608695654,Dallas Mavericks,-1,60,0.732
Steve Francis,PG,HOU,81,1703,502,499,141,41,299,0.468,2003,PG,81,20.6,26.100,7.4,3.7,11.1,3.4,0.3,4.8,21.02469135802469,6.197530864197531,6.160493827160494,1.7407407407407407,0.5061728395061729,Houston Rockets,13,43,0.524
Kevin Garnett*,PF,MIN,82,1883,495,1102,113,129,229,0.508,2003,PF,82,26.4,26.400,9.8,5.8,15.6,6.0,2.4,8.7,22.963414634146343,6.036585365853658,13.439024390243903,1.3780487804878048,1.5731707317073171,Minnesota Timberwolves,2,51,0.622
Pau Gasol*,PF,MEM,82,1555,229,720,34,148,213,0.510,2003,PF,82,20.7,24.100,6.5,2.0,8.5,2.1,-0.3,2.8,18.963414634146343,2.792682926829268,8.78048780487805,0.4146341463414634,1.8048780487804879,Memphis Grizzlies,22,28,0.341
Richard Hamilton,SG,DET,82,1612,208,318,64,13,200,0.456,2003,SG,82,18.7,31.300,4.3,3.0,7.3,1.2,-0.8,1.6,19.658536585365855,2.5365853658536586,3.8780487804878048,0.7804878048780488,0.15853658536585366,Detroit Pistons,5,50,0.61
Matt Harpring,SF,UTA,78,1370,133,514,73,17,160,0.543,2003,SF,78,19.3,23.900,6.4,2.4,8.8,3.0,-1.1,2.6,17.564102564102566,1.705128205128205,6.589743589743589,0.9358974358974359,0.21794871794871795,Utah Jazz,9,47,0.573
Allan Houston,SG,NYK,82,1845,220,231,54,7,178,0.506,2003,SG,82,17.7,27.000,6.6,0.6,7.2,2.9,-1.8,2.4,22.5,2.682926829268293,2.817073170731707,0.6585365853658537,0.08536585365853659,New York Knicks,18,37,0.451
Juwan Howard,PF,DEN,77,1418,234,585,77,27,189,0.450,2003,PF,77,17.2,26.100,2.7,3.4,6.0,1.2,-0.1,2.1,18.415584415584416,3.038961038961039,7.597402597402597,1.0,0.35064935064935066,Denver Nuggets,26,17,0.207
Zydrunas Ilgauskas,C,CLE,81,1390,127,611,56,152,210,0.441,2003,C,81,19.4,27.800,2.9,2.1,5.0,0.5,-0.8,1.0,17.160493827160494,1.5679012345679013,7.54320987654321,0.691358024691358,1.876543209876543,Cleveland Cavaliers,27,17,0.207
Allen Iverson*,SG,PHI,82,2262,454,344,225,13,286,0.436,2003,SG,82,21.2,32.900,5.0,4.2,9.2,3.2,0.2,4.8,27.585365853658537,5.536585365853658,4.195121951219512,2.7439024390243905,0.15853658536585366,Philadelphia 76ers,8,48,0.585
Bobby Jackson,PG,SAC,59,895,182,219,71,3,106,0.525,2003,PG,59,18.4,23.800,3.3,2.2,5.5,2.4,0.5,2.1,15.169491525423728,3.0847457627118646,3.711864406779661,1.2033898305084745,0.05084745762711865,Sacramento Kings,1,59,0.72
Antawn Jamison,SF,GSW,82,1822,156,578,76,45,177,0.492,2003,SF,82,19.0,24.500,8.2,0.3,8.5,2.8,-2.1,2.2,22.21951219512195,1.9024390243902438,7.048780487804878,0.926829268292683,0.5487804878048781,Golden State Warriors,17,38,0.463
Richard Jefferson,SF,NJN,80,1242,201,514,80,44,156,0.504,2003,SF,80,16.6,19.700,5.4,4.4,9.9,0.9,0.6,2.5,15.525,2.5125,6.425,1.0,0.55,New Jersey Nets,6,49,0.598
Eddie Jones,SG,MIA,47,869,173,226,64,31,85,0.494,2003,SG,47,18.9,23.000,3.9,2.1,6.0,3.4,1.5,3.1,18.48936170212766,3.6808510638297873,4.808510638297872,1.3617021276595744,0.6595744680851063,Miami Heat,24,25,0.305
Michael Jordan*,SF,WAS,82,1640,311,497,123,39,173,0.450,2003,SF,82,19.3,28.700,2.9,3.4,6.2,1.8,0.0,2.8,20.0,3.792682926829268,6.060975609756097,1.5,0.47560975609756095,Washington Wizards,19,37,0.451
Jason Kidd*,PG,NJN,80,1495,711,504,179,25,296,0.465,2003,PG,80,22.2,25.900,5.5,5.8,11.3,4.8,1.8,6.5,18.6875,8.8875,6.3,2.2375,0.3125,New Jersey Nets,6,49,0.598
Rashard Lewis,SF,SEA,77,1396,133,503,99,35,143,0.484,2003,SF,77,16.7,22.200,5.0,2.8,7.8,1.2,-0.5,2.1,18.12987012987013,1.7272727272727273,6.532467532467533,1.2857142857142858,0.45454545454545453,Seattle SuperSonics,16,40,0.488
Corey Maggette,SG,LAC,64,1073,123,322,55,16,147,0.484,2003,SG,64,17.4,24.800,4.0,1.0,5.0,1.5,-1.1,1.2,16.765625,1.921875,5.03125,0.859375,0.25,Los Angeles Clippers,23,27,0.329
Karl Malone*,PF,UTA,81,1667,379,628,136,31,210,0.463,2003,PF,81,21.7,27.800,6.9,4.3,11.1,3.2,1.0,4.6,20.580246913580247,4.679012345679013,7.753086419753086,1.6790123456790123,0.38271604938271603,Utah Jazz,9,47,0.573
Stephon Marbury,PG,PHO,81,1806,654,263,108,20,263,0.468,2003,PG,81,20.1,27.700,7.1,2.5,9.6,3.7,-0.7,4.0,22.296296296296298,8.074074074074074,3.246913580246914,1.3333333333333333,0.24691358024691357,Phoenix Suns,11,44,0.537
Shawn Marion,SF,PHO,81,1716,198,773,185,95,157,0.500,2003,SF,81,21.3,23.300,7.3,5.8,13.0,3.9,1.7,6.5,21.185185185185187,2.4444444444444446,9.54320987654321,2.2839506172839505,1.1728395061728396,Phoenix Suns,11,44,0.537
Kenyon Martin,PF,NJN,77,1283,185,640,98,70,192,0.475,2003,PF,77,16.9,24.800,1.8,5.3,7.1,-0.2,1.2,2.0,16.662337662337663,2.4025974025974026,8.311688311688311,1.2727272727272727,0.9090909090909091,New Jersey Nets,6,49,0.598
Jamal Mashburn,SF,NOH,82,1772,462,498,83,17,230,0.460,2003,SF,82,18.0,27.100,5.4,3.6,9.0,2.6,-0.4,3.5,21.609756097560975,5.634146341463414,6.073170731707317,1.0121951219512195,0.2073170731707317,New Orleans Hornets,10,47,0.573
Tracy McGrady*,SG,ORL,75,2407,411,488,124,59,195,0.505,2003,SG,75,30.3,35.200,13.2,2.9,16.1,9.8,0.7,9.3,32.093333333333334,5.48,6.506666666666667,1.6533333333333333,0.7866666666666666,Orlando Magic,15,42,0.512
Mike Miller,SF,ORL,49,806,139,286,36,16,99,0.480,2003,SF,49,13.9,21.400,1.8,1.2,3.0,0.7,-1.3,0.7,16.448979591836736,2.836734693877551,5.836734693877551,0.7346938775510204,0.32653061224489793,Orlando Magic,15,42,0.512
Cuttino Mobley,SG,HOU,73,1280,208,303,95,36,166,0.486,2003,SG,73,14.7,20.600,4.5,2.5,6.9,0.5,-0.2,1.7,17.534246575342465,2.8493150684931505,4.1506849315068495,1.3013698630136987,0.4931506849315068,Houston Rockets,13,43,0.524
Steve Nash*,PG,DAL,82,1455,598,234,85,6,192,0.515,2003,PG,82,22.6,24.400,9.7,1.9,11.6,5.4,-0.8,4.5,17.74390243902439,7.2926829268292686,2.8536585365853657,1.0365853658536586,0.07317073170731707,Dallas Mavericks,-1,60,0.732
Dirk Nowitzki*,PF,DAL,80,2011,239,791,111,82,152,0.513,2003,PF,80,25.6,27.400,10.8,5.3,16.1,5.8,1.4,7.3,25.1375,2.9875,9.8875,1.3875,1.025,Dallas Mavericks,-1,60,0.732
Jermaine O'Neal,PF,IND,77,1600,155,796,66,178,180,0.487,2003,PF,77,21.4,26.200,5.3,5.2,10.5,2.0,0.9,3.5,20.77922077922078,2.012987012987013,10.337662337662337,0.8571428571428571,2.311688311688312,Indiana Pacers,7,48,0.585
Shaquille O'Neal*,C,LAL,67,1841,206,742,38,159,196,0.574,2003,C,67,29.5,30.200,10.2,3.0,13.2,6.4,0.1,5.5,27.47761194029851,3.074626865671642,11.074626865671641,0.5671641791044776,2.373134328358209,Los Angeles Lakers,4,50,0.61
Tony Parker*,PG,SAS,82,1269,432,216,71,4,198,0.503,2003,PG,82,16.5,22.900,5.1,2.6,7.7,1.4,-1.0,1.7,15.475609756097562,5.2682926829268295,2.6341463414634148,0.8658536585365854,0.04878048780487805,San Antonio Spurs,0,60,0.732
Gary Payton*,PG,SEA,52,1084,457,248,93,12,131,0.465,2003,PG,52,21.4,27.100,4.3,1.9,6.2,4.0,0.1,3.2,20.846153846153847,8.788461538461538,4.769230769230769,1.7884615384615385,0.23076923076923078,Seattle SuperSonics,16,40,0.488
Paul Pierce*,SG,BOS,79,2048,349,578,139,62,288,0.454,2003,SG,79,22.7,33.200,5.3,4.8,10.1,4.2,0.7,5.4,25.924050632911392,4.417721518987341,7.3164556962025316,1.759493670886076,0.7848101265822784,Boston Celtics,12,44,0.537
Michael Redd,SG,MIL,82,1241,117,371,100,13,74,0.562,2003,SG,82,21.0,22.600,6.9,1.1,8.0,5.0,-1.2,3.4,15.134146341463415,1.4268292682926829,4.524390243902439,1.2195121951219512,0.15853658536585366,Milwaukee Bucks,14,42,0.512
Jason Richardson,SG,GSW,82,1282,247,378,90,23,179,0.463,2003,SG,82,14.8,23.000,3.4,0.3,3.7,1.0,-1.6,1.0,15.634146341463415,3.0121951219512195,4.609756097560975,1.0975609756097562,0.2804878048780488,Golden State Warriors,17,38,0.463
Glenn Robinson,SF,ATL,69,1436,205,457,91,26,248,0.468,2003,SF,69,16.7,28.800,1.0,1.9,2.9,0.7,-1.5,0.8,20.81159420289855,2.971014492753623,6.6231884057971016,1.318840579710145,0.37681159420289856,Atlanta Hawks,20,35,0.427
Jalen Rose,SF,CHI,82,1816,395,351,72,23,285,0.448,2003,SF,82,14.9,27.400,2.5,1.1,3.6,0.9,-2.1,0.7,22.146341463414632,4.817073170731708,4.280487804878049,0.8780487804878049,0.2804878048780488,Chicago Bulls,21,30,0.366
Latrell Sprewell,SF,NYK,74,1215,332,285,102,22,172,0.462,2003,SF,74,14.3,22.600,1.6,1.6,3.2,0.7,-0.6,1.5,16.41891891891892,4.486486486486487,3.8513513513513513,1.3783783783783783,0.2972972972972973,New York Knicks,18,37,0.451
Jerry Stackhouse,SG,WAS,70,1508,316,258,65,28,193,0.438,2003,SG,70,18.7,27.900,5.1,1.4,6.5,2.9,-1.6,2.3,21.542857142857144,4.514285714285714,3.6857142857142855,0.9285714285714286,0.4,Washington Wizards,19,37,0.451
Peja Stojaković,SF,SAC,72,1380,141,397,72,5,101,0.556,2003,SF,72,19.6,22.500,6.9,3.3,10.1,3.6,-0.1,3.4,19.166666666666668,1.9583333333333333,5.513888888888889,1.0,0.06944444444444445,Sacramento Kings,1,59,0.72
Wally Szczerbiak,SF,MIN,52,913,136,241,44,22,87,0.523,2003,SF,52,17.3,22.000,3.8,1.3,5.2,1.8,-0.9,1.3,17.557692307692307,2.6153846153846154,4.634615384615385,0.8461538461538461,0.4230769230769231,Minnesota Timberwolves,2,51,0.622
Jason Terry,PG,ATL,81,1395,600,279,126,14,249,0.498,2003,PG,81,18.2,22.600,6.0,1.4,7.4,3.0,-1.2,3.0,17.22222222222222,7.407407407407407,3.4444444444444446,1.5555555555555556,0.1728395061728395,Atlanta Hawks,20,35,0.427
Keith Van Horn,PF,PHI,74,1176,93,524,63,30,150,0.516,2003,PF,74,17.3,23.200,3.9,2.6,6.5,1.2,-0.9,1.4,15.891891891891891,1.2567567567567568,7.081081081081081,0.8513513513513513,0.40540540540540543,Philadelphia 76ers,8,48,0.585
Antoine Walker,PF,BOS,78,1570,373,563,116,31,260,0.449,2003,PF,78,14.6,27.900,-1.6,4.2,2.6,0.1,-0.6,1.3,20.128205128205128,4.782051282051282,7.217948717948718,1.4871794871794872,0.3974358974358974,Boston Celtics,12,44,0.537
Rasheed Wallace,PF,POR,74,1340,153,548,70,77,140,0.521,2003,PF,74,18.5,23.300,5.1,3.4,8.5,2.3,0.2,3.1,18.10810810810811,2.0675675675675675,7.405405405405405,0.9459459459459459,1.0405405405405406,Portland Trail Blazers,3,50,0.61
Chris Webber*,PF,SAC,67,1542,364,704,106,88,215,0.463,2003,PF,67,20.9,30.400,1.7,5.3,6.9,2.0,1.5,3.6,23.01492537313433,5.432835820895522,10.507462686567164,1.5820895522388059,1.3134328358208955,Sacramento Kings,1,59,0.72
Bonzi Wells,SG,POR,75,1138,246,394,123,18,215,0.461,2003,SG,75,15.7,25.900,0.9,3.1,4.0,-0.6,0.4,1.1,15.173333333333334,3.28,5.253333333333333,1.64,0.24,Portland Trail Blazers,3,50,0.61
David Wesley,SG,NOH,73,1217,251,175,109,9,132,0.498,2003,SG,73,15.1,21.400,4.5,2.5,7.0,1.0,0.1,2.1,16.671232876712327,3.4383561643835616,2.3972602739726026,1.4931506849315068,0.1232876712328767,New Orleans Hornets,10,47,0.573
Metta World Peace,SF,IND,69,1068,198,362,159,50,145,0.470,2003,SF,69,17.6,22.500,3.2,4.1,7.2,0.9,2.3,3.1,15.478260869565217,2.869565217391304,5.246376811594203,2.3043478260869565,0.7246376811594203,Indiana Pacers,7,48,0.585
Shareef Abdur-Rahim,PF,ATL,53,1065,127,495,44,19,131,0.488,2004,PF,53,21.2,24.800,5.3,1.3,6.6,3.3,-1.0,2.1,20.09433962264151,2.3962264150943398,9.339622641509434,0.8301886792452831,0.3584905660377358,Atlanta Hawks,24,28,0.341
Ray Allen*,SG,SEA,56,1287,268,286,71,11,156,0.512,2004,SG,56,21.7,27.800,6.5,0.4,6.9,5.5,-1.5,3.2,22.982142857142858,4.785714285714286,5.107142857142857,1.2678571428571428,0.19642857142857142,Seattle SuperSonics,16,37,0.451
Carmelo Anthony,SF,DEN,82,1725,227,498,97,41,247,0.449,2004,SF,82,17.6,28.500,3.7,2.4,6.1,1.6,-1.6,1.6,21.036585365853657,2.768292682926829,6.073170731707317,1.1829268292682926,0.5,Denver Nuggets,9,43,0.524
Gilbert Arenas,PG,WAS,55,1078,275,254,103,12,226,0.460,2004,PG,55,16.0,27.400,1.1,1.5,2.6,1.1,-1.0,1.1,19.6,5.0,4.618181818181818,1.8727272727272728,0.21818181818181817,Washington Wizards,25,25,0.305
Mike Bibby,PG,SAC,82,1506,444,277,112,18,175,0.514,2004,PG,82,19.3,22.900,8.0,1.3,9.3,3.4,-1.0,3.3,18.365853658536587,5.414634146341464,3.3780487804878048,1.3658536585365855,0.21951219512195122,Sacramento Kings,3,55,0.671
Chauncey Billups,PG,DET,78,1318,446,276,84,8,189,0.459,2004,PG,78,18.6,23.500,7.1,4.2,11.3,3.1,0.5,3.9,16.897435897435898,5.717948717948718,3.5384615384615383,1.0769230769230769,0.10256410256410256,Detroit Pistons,4,54,0.659
Carlos Boozer,PF,CLE,75,1162,148,857,74,55,134,0.524,2004,PF,75,20.8,20.000,6.1,3.4,9.4,2.4,-0.2,2.7,15.493333333333334,1.9733333333333334,11.426666666666666,0.9866666666666667,0.7333333333333333,Cleveland Cavaliers,19,35,0.427
Elton Brand,PF,LAC,69,1379,227,714,64,154,193,0.493,2004,PF,69,23.2,23.400,7.9,1.8,9.7,4.0,0.0,4.0,19.985507246376812,3.289855072463768,10.347826086956522,0.927536231884058,2.2318840579710146,Los Angeles Clippers,23,28,0.341
Kobe Bryant*,SG,LAL,65,1557,330,359,112,28,171,0.468,2004,SG,65,23.7,29.100,7.8,3.0,10.7,5.1,0.5,4.7,23.953846153846154,5.076923076923077,5.523076923076923,1.7230769230769232,0.4307692307692308,Los Angeles Lakers,2,56,0.683
Vince Carter,SG,TOR,73,1645,348,349,88,65,223,0.449,2004,SG,73,20.0,32.500,2.6,3.4,6.0,3.5,0.2,3.9,22.534246575342465,4.767123287671233,4.780821917808219,1.2054794520547945,0.8904109589041096,Toronto Raptors,20,33,0.402
Sam Cassell,PG,MIN,81,1603,592,271,102,18,220,0.517,2004,PG,81,22.8,27.200,8.8,3.3,12.1,4.1,0.3,4.6,19.790123456790123,7.308641975308642,3.345679012345679,1.2592592592592593,0.2222222222222222,Minnesota Timberwolves,0,58,0.707
Jamal Crawford,SG,CHI,80,1383,405,283,111,29,193,0.449,2004,SG,80,15.9,25.700,1.9,2.1,4.1,1.9,-0.5,2.4,17.2875,5.0625,3.5375,1.3875,0.3625,Chicago Bulls,26,23,0.28
Baron Davis,PG,NOH,67,1532,501,287,158,27,215,0.462,2004,PG,67,20.7,30.100,4.3,3.2,7.5,4.7,0.5,4.8,22.865671641791046,7.477611940298507,4.2835820895522385,2.3582089552238807,0.40298507462686567,New Orleans Hornets,14,41,0.5
Tim Duncan*,PF,SAS,69,1538,213,859,62,185,183,0.502,2004,PF,69,27.1,29.700,5.9,7.2,13.1,5.2,3.3,6.7,22.28985507246377,3.0869565217391304,12.44927536231884,0.8985507246376812,2.681159420289855,San Antonio Spurs,1,57,0.695
Michael Finley,SG,DAL,72,1342,212,325,84,39,83,0.508,2004,SG,72,17.8,20.900,7.0,0.5,7.6,3.0,-1.2,2.7,18.63888888888889,2.9444444444444446,4.513888888888889,1.1666666666666667,0.5416666666666666,Dallas Mavericks,5,52,0.634
Steve Francis,PG,HOU,79,1310,493,433,139,35,294,0.436,2004,PG,79,15.8,24.000,2.4,4.7,7.1,0.5,0.9,2.7,16.582278481012658,6.2405063291139244,5.481012658227848,1.759493670886076,0.4430379746835443,Houston Rockets,8,45,0.549
Kevin Garnett*,PF,MIN,82,1987,409,1139,120,178,212,0.502,2004,PF,82,29.4,29.600,10.4,8.0,18.3,6.8,3.3,10.0,24.23170731707317,4.987804878048781,13.890243902439025,1.4634146341463414,2.1707317073170733,Minnesota Timberwolves,0,58,0.707
Pau Gasol*,PF,MEM,78,1381,198,600,44,132,187,0.484,2004,PF,78,21.7,26.800,5.3,2.8,8.1,2.9,0.1,3.0,17.705128205128204,2.5384615384615383,7.6923076923076925,0.5641025641025641,1.6923076923076923,Memphis Grizzlies,6,50,0.61
Richard Hamilton,SG,DET,78,1375,310,279,103,17,210,0.462,2004,SG,78,16.8,25.700,3.8,4.4,8.1,0.5,0.7,2.3,17.628205128205128,3.9743589743589745,3.576923076923077,1.3205128205128205,0.21794871794871795,Detroit Pistons,4,54,0.659
Allan Houston,SG,NYK,50,924,99,121,38,2,102,0.491,2004,SG,50,14.8,24.700,2.5,0.6,3.1,1.1,-1.6,0.7,18.48,1.98,2.42,0.76,0.04,New York Knicks,15,39,0.476
Juwan Howard,PF,ORL,81,1376,158,570,54,22,178,0.453,2004,PF,81,15.6,23.900,3.6,0.0,3.6,-0.3,-2.5,-0.6,16.987654320987655,1.9506172839506173,7.037037037037037,0.6666666666666666,0.2716049382716049,Orlando Magic,27,21,0.256
Larry Hughes,SG,WAS,61,1148,148,326,95,26,152,0.437,2004,SG,61,17.6,28.100,2.1,1.6,3.8,1.7,-0.7,1.5,18.81967213114754,2.4262295081967213,5.344262295081967,1.5573770491803278,0.4262295081967213,Washington Wizards,25,25,0.305
Zydrunas Ilgauskas,C,CLE,81,1237,109,653,39,201,163,0.484,2004,C,81,20.2,23.100,5.0,2.8,7.8,1.1,-0.2,1.9,15.271604938271604,1.345679012345679,8.061728395061728,0.48148148148148145,2.4814814814814814,Cleveland Cavaliers,19,35,0.427
Allen Iverson*,SG,PHI,48,1266,324,178,115,5,209,0.412,2004,SG,48,19.3,35.300,0.5,2.3,2.8,2.7,-0.6,2.1,26.375,6.75,3.7083333333333335,2.3958333333333335,0.10416666666666667,Philadelphia 76ers,21,33,0.402
Stephen Jackson,SF,ATL,80,1450,244,370,142,20,223,0.483,2004,SF,80,16.1,25.000,2.7,1.8,4.4,1.0,-0.8,1.5,18.125,3.05,4.625,1.775,0.25,Atlanta Hawks,24,28,0.341
LeBron James,SG,CLE,79,1654,465,432,130,58,273,0.438,2004,SG,79,18.3,28.200,2.4,2.6,5.1,2.3,-0.6,2.9,20.936708860759495,5.886075949367089,5.468354430379747,1.6455696202531647,0.7341772151898734,Cleveland Cavaliers,19,35,0.427
Richard Jefferson,SF,NJN,82,1515,315,464,92,28,198,0.519,2004,SF,82,18.1,22.800,6.5,4.4,11.0,1.9,0.4,3.4,18.475609756097562,3.841463414634146,5.658536585365853,1.1219512195121952,0.34146341463414637,New Jersey Nets,7,47,0.573
Joe Johnson,SG,PHO,82,1367,362,385,93,26,199,0.462,2004,SG,82,13.9,21.600,2.2,1.1,3.3,0.1,-1.4,0.6,16.670731707317074,4.414634146341464,4.695121951219512,1.1341463414634145,0.3170731707317073,Phoenix Suns,22,29,0.354
Eddie Jones,SG,MIA,81,1401,258,308,92,34,129,0.486,2004,SG,81,16.7,22.500,6.2,3.0,9.1,2.2,0.2,3.4,17.296296296296298,3.185185185185185,3.802469135802469,1.1358024691358024,0.41975308641975306,Miami Heat,11,42,0.512
Jason Kidd*,PG,NJN,67,1036,618,428,122,14,214,0.433,2004,PG,67,19.7,24.600,2.8,4.4,7.2,3.4,1.3,4.2,15.462686567164178,9.223880597014926,6.388059701492537,1.8208955223880596,0.208955223880597,New Jersey Nets,7,47,0.573
Andrei Kirilenko,PF,UTA,78,1284,244,629,150,215,215,0.479,2004,PF,78,22.6,21.900,6.5,5.0,11.6,5.0,2.9,7.2,16.46153846153846,3.128205128205128,8.064102564102564,1.9230769230769231,2.7564102564102564,Utah Jazz,10,42,0.512
Rashard Lewis,SF,SEA,80,1421,175,518,99,54,135,0.494,2004,SF,80,17.5,23.400,5.2,1.3,6.5,2.1,-1.2,2.2,17.7625,2.1875,6.475,1.2375,0.675,Seattle SuperSonics,16,37,0.451
Corey Maggette,SF,LAC,73,1508,224,430,65,16,207,0.485,2004,SF,73,20.1,25.200,8.2,0.5,8.6,3.6,-1.5,2.7,20.65753424657534,3.0684931506849313,5.890410958904109,0.8904109589041096,0.2191780821917808,Los Angeles Clippers,23,28,0.341
Stephon Marbury,PG,NYK,47,931,438,146,65,4,152,0.463,2004,PG,47,20.9,26.300,4.5,1.0,5.5,4.6,-1.1,2.5,19.80851063829787,9.319148936170214,3.106382978723404,1.3829787234042554,0.0851063829787234,New York Knicks,15,39,0.476
Shawn Marion,SF,PHO,79,1498,214,737,167,104,156,0.474,2004,SF,79,19.9,22.700,5.3,3.8,9.1,3.0,0.6,4.6,18.962025316455698,2.7088607594936707,9.329113924050633,2.1139240506329116,1.3164556962025316,Phoenix Suns,22,29,0.354
Donyell Marshall,PF,TOR,66,1066,94,709,80,104,95,0.535,2004,PF,66,19.7,19.700,4.8,4.9,9.8,2.5,0.8,3.4,16.151515151515152,1.4242424242424243,10.742424242424242,1.2121212121212122,1.5757575757575757,Toronto Raptors,20,33,0.402
Kenyon Martin,PF,NJN,65,1086,160,617,95,82,168,0.492,2004,PF,65,18.7,25.000,1.5,5.1,6.7,0.1,1.8,2.2,16.70769230769231,2.4615384615384617,9.492307692307692,1.4615384615384615,1.2615384615384615,New Jersey Nets,7,47,0.573
Tracy McGrady*,SG,ORL,67,1878,370,402,93,42,179,0.473,2004,SG,67,25.3,33.200,8.1,0.4,8.4,7.6,-1.2,5.7,28.029850746268657,5.522388059701493,6.0,1.3880597014925373,0.6268656716417911,Orlando Magic,27,21,0.256
Yao Ming*,C,HOU,82,1431,122,735,22,156,204,0.522,2004,C,82,21.9,25.300,6.5,4.8,11.4,1.7,1.1,3.2,17.451219512195124,1.4878048780487805,8.963414634146341,0.2682926829268293,1.9024390243902438,Houston Rockets,8,45,0.549
Cuttino Mobley,SG,HOU,80,1260,258,362,107,33,180,0.501,2004,SG,80,14.1,20.100,3.4,4.3,7.6,0.5,0.9,2.8,15.75,3.225,4.525,1.3375,0.4125,Houston Rockets,8,45,0.549
Dirk Nowitzki*,C,DAL,77,1680,207,670,92,104,135,0.500,2004,C,77,22.5,24.500,9.0,2.5,11.5,3.8,0.0,4.3,21.818181818181817,2.688311688311688,8.7012987012987,1.1948051948051948,1.3506493506493507,Dallas Mavericks,5,52,0.634
Jermaine O'Neal,PF,IND,78,1566,164,778,59,199,181,0.435,2004,PF,78,21.1,30.200,2.7,6.3,9.0,1.1,1.3,3.1,20.076923076923077,2.1025641025641026,9.974358974358974,0.7564102564102564,2.551282051282051,Indiana Pacers,-1,61,0.744
Shaquille O'Neal*,C,LAL,67,1439,196,769,34,166,195,0.584,2004,C,67,24.4,26.300,5.9,4.0,9.9,3.8,1.0,4.1,21.47761194029851,2.925373134328358,11.477611940298507,0.5074626865671642,2.4776119402985075,Los Angeles Lakers,2,56,0.683
Lamar Odom,PF,MIA,80,1371,327,776,85,71,236,0.457,2004,PF,80,18.5,24.500,3.6,4.8,8.4,1.7,1.2,3.8,17.1375,4.0875,9.7,1.0625,0.8875,Miami Heat,11,42,0.512
Paul Pierce*,SG,BOS,80,1836,410,522,131,52,303,0.441,2004,SG,80,19.4,30.500,3.7,3.4,7.1,2.3,-0.3,3.2,22.95,5.125,6.525,1.6375,0.65,Boston Celtics,18,36,0.439
Zach Randolph,PF,POR,81,1626,163,851,68,41,247,0.485,2004,PF,81,19.6,27.600,4.1,2.9,7.1,1.1,-1.6,1.2,20.074074074074073,2.0123456790123457,10.506172839506172,0.8395061728395061,0.5061728395061729,Portland Trail Blazers,12,41,0.5
Michael Redd,SG,MIL,82,1776,185,407,81,6,116,0.484,2004,SG,82,19.9,26.300,8.4,1.3,9.7,3.8,-1.3,3.5,21.658536585365855,2.2560975609756095,4.963414634146342,0.9878048780487805,0.07317073170731707,Milwaukee Bucks,13,41,0.5
Jason Richardson,SG,GSW,78,1461,226,524,86,41,196,0.468,2004,SG,78,16.8,25.800,2.6,2.7,5.2,1.1,-0.6,1.9,18.73076923076923,2.8974358974358974,6.717948717948718,1.1025641025641026,0.5256410256410257,Golden State Warriors,17,37,0.451
Quentin Richardson,SG,LAC,65,1121,139,414,67,19,141,0.454,2004,SG,65,15.1,24.600,2.0,0.4,2.4,1.7,-2.5,0.7,17.246153846153845,2.1384615384615384,6.369230769230769,1.0307692307692307,0.2923076923076923,Los Angeles Clippers,23,28,0.341
Glenn Robinson,SF,PHI,42,698,57,189,42,9,106,0.476,2004,SF,42,15.0,27.400,0.3,1.3,1.6,-0.3,-1.2,0.1,16.61904761904762,1.3571428571428572,4.5,1.0,0.21428571428571427,Philadelphia 76ers,21,33,0.402
Jalen Rose,PG,TOR,50,810,273,202,39,18,171,0.440,2004,PG,50,12.8,24.700,-0.6,1.8,1.3,-1.3,-1.1,-0.2,16.2,5.46,4.04,0.78,0.36,Toronto Raptors,20,33,0.402
Latrell Sprewell,SF,MIN,82,1375,286,310,88,21,158,0.448,2004,SF,82,14.7,23.600,2.5,3.2,5.7,0.3,-0.6,1.3,16.76829268292683,3.4878048780487805,3.7804878048780486,1.0731707317073171,0.25609756097560976,Minnesota Timberwolves,0,58,0.707
Peja Stojaković,SF,SAC,81,1964,173,508,108,14,153,0.566,2004,SF,81,21.8,23.900,11.4,2.1,13.5,5.2,-1.3,4.9,24.246913580246915,2.1358024691358026,6.271604938271605,1.3333333333333333,0.1728395061728395,Sacramento Kings,3,55,0.671
Amar'e Stoudemire,PF,PHO,55,1133,78,496,64,89,177,0.476,2004,PF,55,19.8,27.500,2.4,2.0,4.4,0.8,-0.7,1.1,20.6,1.4181818181818182,9.018181818181818,1.1636363636363636,1.6181818181818182,Phoenix Suns,22,29,0.354
Jason Terry,PG,ATL,81,1359,437,336,124,16,229,0.478,2004,PG,81,16.2,23.200,3.6,1.5,5.1,1.4,-1.1,1.7,16.77777777777778,5.395061728395062,4.148148148148148,1.5308641975308641,0.19753086419753085,Atlanta Hawks,24,28,0.341
Keith Van Horn,SF,NYK,47,769,83,343,52,18,119,0.494,2004,SF,47,17.2,24.200,2.2,1.7,3.9,1.2,-0.3,1.2,16.361702127659573,1.7659574468085106,7.297872340425532,1.1063829787234043,0.3829787234042553,New York Knicks,15,39,0.476
Dwyane Wade*,PG,MIA,61,991,275,247,86,34,196,0.475,2004,PG,61,17.6,25.000,2.2,2.3,4.6,1.4,0.1,1.9,16.24590163934426,4.508196721311475,4.049180327868853,1.4098360655737705,0.5573770491803278,Miami Heat,11,42,0.512
Rasheed Wallace,PF,POR,45,766,114,298,36,72,87,0.487,2004,PF,45,17.5,23.300,2.5,1.4,3.9,1.7,-0.2,1.5,17.022222222222222,2.533333333333333,6.622222222222222,0.8,1.6,Portland Trail Blazers,12,41,0.5
Metta World Peace,SF,IND,73,1333,272,385,152,50,202,0.455,2004,SF,73,18.2,26.200,2.8,5.2,8.0,1.6,1.9,3.8,18.26027397260274,3.7260273972602738,5.273972602739726,2.0821917808219177,0.684931506849315,Indiana Pacers,-1,61,0.744
